mysql> UPDATE Account SET password="hello1", email="changedemail@goodbye.com" WHERE id="1";
Query OK, 1 row affected (0.02 sec)
Rows matched: 1  Changed: 1  Warnings: 0

mysql> SELECT * FROM Account;
+----+--------------------------+----------+---------------------+------------+
| id | email                    | password | createdOn           | modifiedOn |
+----+--------------------------+----------+---------------------+------------+
|  1 | changedemail@goodbye.com | hello1   | 2016-09-22 00:00:00 | NULL       |
+----+--------------------------+----------+---------------------+------------+
1 row in set (0.00 sec)

mysql> UPDATE AddressBook SET id="56", createdOn="2015-04-04 12:12:12" WHERE name="Forrest Gump";                                                 
Query OK, 1 row affected (0.01 sec)
Rows matched: 1  Changed: 1  Warnings: 0

mysql> SELECT * FROM AddressBook;
+----+-----------+--------------+---------------------+---------------------+
| id | accountId | name         | createdOn           | modifiedOn          |
+----+-----------+--------------+---------------------+---------------------+
| 56 |        45 | Forrest Gump | 2015-04-04 12:12:12 | 2015-09-22 11:18:09 |
+----+-----------+--------------+---------------------+---------------------+
1 row in set (0.00 sec)

mysql> UPDATE Entry SET lastName="Jello" WHERE firstName IN ("Anna", "Jacob", "Kim");                                                             
Query OK, 3 rows affected (0.02 sec)
Rows matched: 3  Changed: 3  Warnings: 0

mysql> SELECT * FROM Entry;
+----+---------------+-----------+----------+---------------------+------+---------+----------------+----------------+------------------+-----------------+-----------------+
| id | addressBookId | firstName | lastName | birthday            | type | subtype | contentLineOne | contentLineTwo | contentLineThree | contentL neFour | contentLineFive |
+----+---------------+-----------+----------+---------------------+------+---------+----------------+----------------+------------------+-----------------+-----------------+
|  1 |            34 | Anna      | Jello    | 1991-01-04 00:00:00 | home | phone   | (514) 777-4565 | NULL           | NULL             | NULL            | NULL            |
|  2 |            27 | Jacob     | Jello    | 1831-01-09 00:00:00 | work | phone   | (514) 554-7878 | NULL           | NULL             | NULL            | NULL            |
|  3 |            13 | Kim       | Jello    | 1972-12-12 00:00:00 | work | phone   | (514) 606-6765 | NULL           | NULL             | NULL            | NULL            |
+----+---------------+-----------+----------+---------------------+------+---------+----------------+----------------+------------------+-----------------+-----------------+
